{
"lengthUnit": "mil",
"components": {
	"fields": ["COMPONENT_NO", "COMPONENT_NAME", "LAYER", "X_COORDINATE", "Y_COORDINATE", "ANGLE"],
	"rows": [
		[1, "C1", "T", 434.6, -723.5, 225],
		[2, "C2", "T", 239.6, -528.5, 225],
		[3, "D1", "T", 251.87, -880.99, 180],
		[4, "L1", "T", 229.14, -730.98, 135],
		[5, "Q1", "T", 172.77, -419.38, 225],
		[6, "R1", "T", 116.87, -730.99, 270],
		[7, "R3", "T", 426.87, -865.99, 45],
		[8, "R4", "T", 557.46, -845.4, 135],
		[9, "R5", "T", 602.46, -800.4, 135],
		[10, "SW1", "T", 511.81, -1860.24, 0],
		[11, "U1", "T", 337.46, -625.4, 225],
		[12, "U2", "B", 725, -1676.89, 45],
		[13, "PAD1", "B", 175, -645, 0],
		[14, "PAD2", "B", 175, -1320, 0],
		[15, "PAD3", "T", 200, -200, 0],
		[16, "PAD4", "T", 825, -825, 0],
		[17, "PAD5", "B", 720, -1251.89, 0],
		[18, "PAD6", "B", 280.53, -1693.98, 0],
		[19, "PAD7", "T", 348.42, -78.74, 0],
		[20, "PAD7", "B", 348.42, -78.74, 0]
	]
},
"pins": {
	"fields": ["PIN_NO", "PIN_NAME", "PIN_X", "PIN_Y", "LAYER", "PIN_TYPE", "NET_NAME", "NET_TYPE", "PAD_SHAPE", "PAD_SIZEX", "PAD_SIZEY", "HOLE_SIZE", "PAD_ANGLE"],
	"rows": [
		[1, "C1_1", 462.44, -695.66, "T", "SMD", "GND", "GND", "R", 55.51, 53.15, 0, 225],
		[2, "C1_2", 406.76, -751.34, "T", "SMD", "VCC", "", "R", 55.51, 53.15, 0, 225],
		[3, "C2_1", 267.44, -500.66, "T", "SMD", "GND", "GND", "R", 55.51, 53.15, 0, 225],
		[4, "C2_2", 211.76, -556.34, "T", "SMD", "3V", "", "R", 55.51, 53.15, 0, 225],
		[5, "D1_1", 318.5, -880.99, "T", "SMD", "VCC", "", "R", 37.4, 45.28, 0, 180],
		[6, "D1_2", 185.24, -880.99, "T", "SMD", "SOLAR_VCC", "", "R", 37.4, 45.28, 0, 180],
		[7, "L1_1", 252.24, -754.09, "T", "SMD", "$1N1286", "", "R", 33.47, 78.74, 0, 135],
		[8, "L1_2", 206.03, -707.88, "T", "SMD", "$1N1290", "", "R", 33.47, 78.74, 0, 135],
		[9, "Q1_1", 116.81, -422.17, "T", "SMD", "$1N3593", "", "R", 23.62, 35.83, 0, 315],
		[10, "Q1_2", 169.99, -475.34, "T", "SMD", "3V", "", "R", 23.62, 35.83, 0, 315],
		[11, "Q1_3", 202.15, -390.01, "T", "SMD", "LED+", "", "R", 23.62, 35.83, 0, 315],
		[12, "R1_1", 116.87, -701.33, "T", "SMD", "$1N3593", "", "R", 31.75, 34.02, 0, 270],
		[13, "R1_2", 116.87, -760.65, "T", "SMD", "SOLAR_VCC", "", "R", 31.75, 34.02, 0, 270],
		[14, "R3_1", 405.89, -886.97, "T", "SMD", "GND", "GND", "R", 31.75, 34.02, 0, 45],
		[15, "R3_2", 447.84, -845.02, "T", "SMD", "$1N1305", "", "R", 31.75, 34.02, 0, 45],
		[16, "R4_1", 578.43, -866.38, "T", "SMD", "GND", "GND", "R", 31.75, 34.02, 0, 135],
		[17, "R4_2", 536.49, -824.43, "T", "SMD", "$1N1309", "", "R", 31.75, 34.02, 0, 135],
		[18, "R5_1", 623.43, -821.38, "T", "SMD", "GND", "GND", "R", 31.75, 34.02, 0, 135],
		[19, "R5_2", 581.49, -779.43, "T", "SMD", "$1N1314", "", "R", 31.75, 34.02, 0, 135],
		[20, "SW1_1", 423.23, -1793.31, "T", "SMD", "SW1_1", "", "R", 60, 23.62, 0, 90],
		[21, "SW1_2", 541.34, -1793.31, "T", "SMD", "VCC", "", "R", 60, 23.62, 0, 90],
		[22, "SW1_3", 600.39, -1793.31, "T", "SMD", "$1N4546", "", "R", 60, 23.62, 0, 90],
		[23, "SW1_4", 653.54, -1836.62, "T", "SMD", "SW1_4", "", "R", 47.24, 27.56, 0, 180],
		[24, "SW1_4", 653.54, -1927.17, "T", "SMD", "SW1_A_4", "", "R", 47.24, 27.56, 0, 180],
		[25, "SW1_4", 370.08, -1927.17, "T", "SMD", "SW1_B_4", "", "R", 47.24, 27.56, 0, 180],
		[26, "SW1_4", 370.08, -1836.62, "T", "SMD", "SW1_C_4", "", "R", 47.24, 27.56, 0, 180],
		[27, "U1_1", 397.53, -621.02, "T", "SMD", "VCC", "", "R", 11.02, 26.18, 0, 135],
		[28, "U1_2", 383.6, -607.09, "T", "SMD", "VCC", "", "R", 11.02, 26.18, 0, 135],
		[29, "U1_3", 369.69, -593.18, "T", "SMD", "$1N1305", "", "R", 11.02, 26.18, 0, 135],
		[30, "U1_4", 355.76, -579.26, "T", "SMD", "$1N1309", "", "R", 11.02, 26.18, 0, 135],
		[31, "U1_5", 341.85, -565.34, "T", "SMD", "$1N1314", "", "R", 11.02, 26.18, 0, 135],
		[32, "U1_6", 277.4, -629.79, "T", "SMD", "3V", "", "R", 11.02, 26.18, 0, 135],
		[33, "U1_7", 291.31, -643.71, "T", "SMD", "$1N1290", "", "R", 11.02, 26.18, 0, 135],
		[34, "U1_8", 305.23, -657.63, "T", "SMD", "GND", "GND", "R", 11.02, 26.18, 0, 135],
		[35, "U1_9", 319.15, -671.55, "T", "SMD", "$1N1286", "", "R", 11.02, 26.18, 0, 135],
		[36, "U1_10", 333.07, -685.47, "T", "SMD", "VCC", "", "R", 11.02, 26.18, 0, 135],
		[37, "U1_11", 337.46, -625.41, "T", "SMD", "GND", "GND", "R", 78.74, 47.24, 0, 135],
		[38, "U2_1", 693.19, -1708.7, "B", "SMD", "$1N4546", "", "R", 52.56, 59.05, 0, 45],
		[39, "U2_2", 756.81, -1645.08, "B", "SMD", "VCC_CAP", "", "R", 52.56, 59.05, 0, 45],
		[40, "PAD1_1", 175, -645, "B", "SMD", "SOLAR_VCC", "", "O", 78.74, 60, 0, 0],
		[41, "PAD2_1", 175, -1320, "B", "SMD", "GND", "GND", "O", 78.74, 60, 0, 0],
		[42, "PAD3_1", 200, -200, "T", "SMD", "LED+", "", "R", 78.74, 78.74, 0, 45],
		[43, "PAD4_1", 825, -825, "T", "SMD", "GND", "GND", "R", 78.74, 78.74, 0, 45],
		[44, "PAD5_1", 720, -1251.89, "B", "SMD", "VCC_CAP", "", "R", 78.74, 98.43, 0, 135],
		[45, "PAD6_1", 280.53, -1693.98, "B", "SMD", "GND", "GND", "R", 78.74, 86.61, 0, 135],
		[46, "PAD7_1", 348.42, -78.74, "T", "DIP", "GND", "GND", "C", 98.43, 98.43, 78.74, 0],
		[47, "PAD7_1", 348.42, -78.74, "B", "DIP", "GND", "GND", "C", 98.43, 98.43, 78.74, 0]
	]
}
}